<?xml version="1.0" encoding="UTF-8"?>
<mesh>
    <sharedgeometry vertexcount="24">
        <vertexbuffer texture_coords="0" positions="true" normals="true" colours_diffuse="False">
            <vertex>
                <position z="-1.000000" y="-1.000000" x="1.000000"/>
                <normal z="-0.000000" y="-1.000000" x="0.000000"/>
            </vertex>
            <vertex>
                <position z="1.000000" y="-1.000000" x="1.000000"/>
                <normal z="-0.000000" y="-1.000000" x="0.000000"/>
            </vertex>
            <vertex>
                <position z="1.000000" y="-1.000000" x="-1.000000"/>
                <normal z="-0.000000" y="-1.000000" x="0.000000"/>
            </vertex>
            <vertex>
                <position z="-1.000000" y="-1.000000" x="-1.000000"/>
                <normal z="-0.000000" y="-1.000000" x="0.000000"/>
            </vertex>
            <vertex>
                <position z="-0.999999" y="1.000000" x="1.000000"/>
                <normal z="0.000000" y="1.000000" x="0.000000"/>
            </vertex>
            <vertex>
                <position z="-1.000000" y="1.000000" x="-1.000000"/>
                <normal z="0.000000" y="1.000000" x="0.000000"/>
            </vertex>
            <vertex>
                <position z="1.000000" y="1.000000" x="-1.000000"/>
                <normal z="0.000000" y="1.000000" x="0.000000"/>
            </vertex>
            <vertex>
                <position z="1.000001" y="1.000000" x="0.999999"/>
                <normal z="0.000000" y="1.000000" x="0.000000"/>
            </vertex>
            <vertex>
                <position z="-1.000000" y="-1.000000" x="1.000000"/>
                <normal z="0.000000" y="0.000000" x="1.000000"/>
            </vertex>
            <vertex>
                <position z="-0.999999" y="1.000000" x="1.000000"/>
                <normal z="0.000000" y="0.000000" x="1.000000"/>
            </vertex>
            <vertex>
                <position z="1.000001" y="1.000000" x="0.999999"/>
                <normal z="0.000000" y="0.000000" x="1.000000"/>
            </vertex>
            <vertex>
                <position z="1.000000" y="-1.000000" x="1.000000"/>
                <normal z="0.000000" y="0.000000" x="1.000000"/>
            </vertex>
            <vertex>
                <position z="1.000000" y="-1.000000" x="1.000000"/>
                <normal z="1.000000" y="-0.000000" x="-0.000000"/>
            </vertex>
            <vertex>
                <position z="1.000001" y="1.000000" x="0.999999"/>
                <normal z="1.000000" y="-0.000000" x="-0.000000"/>
            </vertex>
            <vertex>
                <position z="1.000000" y="1.000000" x="-1.000000"/>
                <normal z="1.000000" y="-0.000000" x="-0.000000"/>
            </vertex>
            <vertex>
                <position z="1.000000" y="-1.000000" x="-1.000000"/>
                <normal z="1.000000" y="-0.000000" x="-0.000000"/>
            </vertex>
            <vertex>
                <position z="1.000000" y="-1.000000" x="-1.000000"/>
                <normal z="-0.000000" y="-0.000000" x="-1.000000"/>
            </vertex>
            <vertex>
                <position z="1.000000" y="1.000000" x="-1.000000"/>
                <normal z="-0.000000" y="-0.000000" x="-1.000000"/>
            </vertex>
            <vertex>
                <position z="-1.000000" y="1.000000" x="-1.000000"/>
                <normal z="-0.000000" y="-0.000000" x="-1.000000"/>
            </vertex>
            <vertex>
                <position z="-1.000000" y="-1.000000" x="-1.000000"/>
                <normal z="-0.000000" y="-0.000000" x="-1.000000"/>
            </vertex>
            <vertex>
                <position z="-0.999999" y="1.000000" x="1.000000"/>
                <normal z="-1.000000" y="0.000000" x="0.000000"/>
            </vertex>
            <vertex>
                <position z="-1.000000" y="-1.000000" x="1.000000"/>
                <normal z="-1.000000" y="0.000000" x="0.000000"/>
            </vertex>
            <vertex>
                <position z="-1.000000" y="-1.000000" x="-1.000000"/>
                <normal z="-1.000000" y="0.000000" x="0.000000"/>
            </vertex>
            <vertex>
                <position z="-1.000000" y="1.000000" x="-1.000000"/>
                <normal z="-1.000000" y="0.000000" x="0.000000"/>
            </vertex>
        </vertexbuffer>
    </sharedgeometry>
    <submeshes>
        <submesh usesharedvertices="true" material="Material.001" operationtype="triangle_list" use32bitindexes="False">
            <faces count="12">
                <face v2="1" v1="0" v3="2"/>
                <face v2="2" v1="0" v3="3"/>
                <face v2="5" v1="4" v3="6"/>
                <face v2="6" v1="4" v3="7"/>
                <face v2="9" v1="8" v3="10"/>
                <face v2="10" v1="8" v3="11"/>
                <face v2="13" v1="12" v3="14"/>
                <face v2="14" v1="12" v3="15"/>
                <face v2="17" v1="16" v3="18"/>
                <face v2="18" v1="16" v3="19"/>
                <face v2="21" v1="20" v3="22"/>
                <face v2="22" v1="20" v3="23"/>
            </faces>
        </submesh>
    </submeshes>
    <submeshnames>
        <submesh index="0" name="Material.001">
        </submesh>
    </submeshnames>
</mesh>